{
   "cluster" : {
      "clients_per_partition" : 16,
      "partitions_per_replica" : 8,
      "replicas" : 3
   },
   "timing" : {
      "build_struct_per_byte_time" : 2.54679093932969e-07,
      "client_thinking_time" : 0.0006,
      "clock_interval" : 0.01,
      "get_value_time" : 2.54532148973389e-07,
      "gst_interval" : 0.005,
      "is_value_visible_time" : 2.55401196717653e-07,
      "min_replica_version_per_replica_time" : 2.55036560643064e-07,
      "process_clock_tick_time" : 2.54702003110592e-07,
      "process_get_request_pre_time" : 2.54498649301875e-07,
      "process_heartbeat_time" : 2.54596053021869e-07,
      "process_lst_from_leaf_end_per_replica_time" : 2.54704855160003e-07,
      "process_lst_from_leaf_per_replica_time" : 2.55490956142765e-07,
      "process_put_request_pre_time" : 2.54949671360945e-07,
      "process_replica_update_time" : 2.55355092054633e-07,
      "process_rotx_request_per_partition_time" : 1.05e-05,
      "process_slice_response_per_value_time" : 1.05e-05,
      "put_value_time" : 2.55128348064398e-07,
      "server_send_per_byte_time" : 2.55501247803017e-07,
      "server_send_time" : 2.55059820479948e-07,
      "update_gst_per_rotx_time" : 1.05e-05,
      "update_gst_time" : 2.54629591952253e-07,
      "update_gst_vector_per_replica_time" : 2.54914209316846e-07,
      "update_gst_vector_per_update_time" : 2.55698011125575e-07
   },
   "network": {
      "intra_datacenter_delay" : 0.00015,
      "inter_datacenter_delay" : [
         [0      , 0.08305, 0.04375],
         [0.08305, 0      , 0.0406 ],
         [0.04375, 0.0406 , 0      ]
      ]
   }
}
