{
   "cluster" : {
      "clients_per_partition" : 16,
      "partitions_per_replica" : 32,
      "replicas" : 3
   },
   "timing" : {
      "build_struct_per_byte_time" : 2.87993685050387e-08,
	  "client_thinking_time": 0,
      "clock_interval" : 0.01,
      "get_value_time" : 2.98678977287848e-08,
      "gst_interval" : 0.005,
      "is_value_visible_time" : 3.07444234396438e-08,
      "min_replica_version_per_replica_time" : 1.04739074934752e-06,
      "process_clock_tick_time" : 2.03671967249392e-06,
      "process_get_request_pre_time" : 3.00648781834149e-06,
      "process_heartbeat_time" : 2.00183419639046e-06,
      "process_lst_from_leaf_end_per_replica_time" : 2.99076152973045e-08,
      "process_lst_from_leaf_per_replica_time" : 5.07442004719802e-07,
      "process_put_request_pre_time" : 1.1960670762186e-07,
      "process_replica_update_time" : 3.12230931897527e-06,
      "process_rotx_request_per_partition_time" : 1.05e-05,
      "process_slice_response_per_value_time" : 1.05e-05,
      "put_value_time" : 2.92495479759463e-08,
      "server_send_per_byte_time" : 3.71407165889835e-07,
      "server_send_time" : 3.69549367165541e-08,
      "update_gst_per_rotx_time" : 1.05e-05,
      "update_gst_time" : 2.96775757905682e-07,
      "update_gst_vector_per_replica_time" : 3.14743553237175e-06,
      "update_gst_vector_per_update_time" : 1.38303681774655e-06
   },
   "network": {
      "intra_datacenter_delay" : 0.00015,
      "inter_datacenter_delay" : [
         [0      , 0.08305, 0.04375],
         [0.08305, 0      , 0.0406 ],
         [0.04375, 0.0406 , 0      ]
      ]
   }
}
