{
   "cluster" : {
      "clients_per_partition" : 16,
      "partitions_per_replica" : 8,
      "replicas" : 3
   },
   "timing" : {
      "build_struct_per_byte_time" : 5.77428029406173e-07,
      "client_thinking_time" : 0.0006,
      "clock_interval" : 0.01,
      "get_value_time" : 3.18348153704039e-09,
      "gst_interval" : 0.005,
      "is_value_visible_time" : 2.46526773217659e-06,
      "min_replica_version_per_replica_time" : 1.20283406318164e-06,
      "process_clock_tick_time" : 1.24408362492598e-06,
      "process_get_request_pre_time" : 1.10738243959151e-09,
      "process_heartbeat_time" : 2.19946561867821e-09,
      "process_lst_from_leaf_end_per_replica_time" : 2.21279191868935e-09,
      "process_lst_from_leaf_per_replica_time" : 3.79111103657243e-09,
      "process_put_request_pre_time" : 1.30532250698414e-06,
      "process_replica_update_time" : 1.46486123933925e-06,
      "process_rotx_request_per_partition_time" : 1.05e-05,
      "process_slice_response_per_value_time" : 1.05e-05,
      "put_value_time" : 3.14851375375525e-09,
      "server_send_per_byte_time" : 3.08626096356509e-09,
      "server_send_time" : 3.06979932862729e-09,
      "update_gst_per_rotx_time" : 1.05e-05,
      "update_gst_time" : 1.3651315186132e-06,
      "update_gst_vector_per_replica_time" : 1.32318146101546e-09,
      "update_gst_vector_per_update_time" : 2.06286134457726e-09
   },
   "network": {
      "intra_datacenter_delay" : 0.00015,
      "inter_datacenter_delay" : [
         [0      , 0.08305, 0.04375],
         [0.08305, 0      , 0.0406 ],
         [0.04375, 0.0406 , 0      ]
      ]
   }
}
