{
   "cluster" : {
      "clients_per_partition" : 16,
      "partitions_per_replica" : 8,
      "replicas" : 3
   },
   "timing" : {
      "build_struct_per_byte_time" : 2.46953379026534e-07,
      "client_thinking_time" : 0.0006,
      "clock_interval" : 0.01,
      "get_value_time" : 2.5583933090912e-07,
      "gst_interval" : 0.005,
      "is_value_visible_time" : 2.53299140173267e-07,
      "min_replica_version_per_replica_time" : 2.49548260379812e-07,
      "process_clock_tick_time" : 2.5682249535842e-07,
      "process_get_request_pre_time" : 2.55191965337273e-07,
      "process_heartbeat_time" : 2.64586290932406e-07,
      "process_lst_from_leaf_end_per_replica_time" : 2.50915152375775e-07,
      "process_lst_from_leaf_per_replica_time" : 2.58454167397521e-07,
      "process_put_request_pre_time" : 2.55036416195721e-07,
      "process_replica_update_time" : 2.64291888179466e-07,
      "process_rotx_request_per_partition_time" : 1.05e-05,
      "process_slice_response_per_value_time" : 1.05e-05,
      "put_value_time" : 2.64432793752505e-07,
      "server_send_per_byte_time" : 2.50698070045753e-07,
      "server_send_time" : 2.54960744817156e-07,
      "update_gst_per_rotx_time" : 1.05e-05,
      "update_gst_time" : 2.66652778904714e-07,
      "update_gst_vector_per_replica_time" : 2.63775994701258e-07,
      "update_gst_vector_per_update_time" : 2.66934236729009e-07
   },
   "network": {
      "intra_datacenter_delay" : 0.00015,
      "inter_datacenter_delay" : [
         [0      , 0.08305, 0.04375],
         [0.08305, 0      , 0.0406 ],
         [0.04375, 0.0406 , 0      ]
      ]
   }
}
