{
   "cluster" : {
      "clients_per_partition" : 16,
      "partitions_per_replica" : 8,
      "replicas" : 3
   },
   "timing" : {
      "build_struct_per_byte_time" : 3.09093467092394e-07,
      "client_thinking_time" : 0.0006,
      "clock_interval" : 0.01,
      "get_value_time" : 1.19031510991842e-06,
      "gst_interval" : 0.005,
      "is_value_visible_time" : 1.45274478805132e-07,
      "min_replica_version_per_replica_time" : 1.42861520060323e-06,
      "process_clock_tick_time" : 9.68145689445754e-07,
      "process_get_request_pre_time" : 9.6808115176982e-07,
      "process_heartbeat_time" : 1.20150993697849e-07,
      "process_lst_from_leaf_end_per_replica_time" : 9.91577734637045e-08,
      "process_lst_from_leaf_per_replica_time" : 1.33383928304793e-07,
      "process_put_request_pre_time" : 1.85238392099569e-07,
      "process_replica_update_time" : 1.79402848531654e-06,
      "process_rotx_request_per_partition_time" : 1.05e-05,
      "process_slice_response_per_value_time" : 1.05e-05,
      "put_value_time" : 1.26252080105084e-07,
      "server_send_per_byte_time" : 1.70623026999096e-07,
      "server_send_time" : 1.07680661806659e-07,
      "update_gst_per_rotx_time" : 1.05e-05,
      "update_gst_time" : 1.15391214737337e-07,
      "update_gst_vector_per_replica_time" : 1.40375652942073e-07,
      "update_gst_vector_per_update_time" : 3.74022696541365e-07
   },
   "network": {
      "intra_datacenter_delay" : 0.00015,
      "inter_datacenter_delay" : [
         [0      , 0.08305, 0.04375],
         [0.08305, 0      , 0.0406 ],
         [0.04375, 0.0406 , 0      ]
      ]
   }
}
